LabID,Age,Error,Material,Taxa,Area,Lat,Log,SiteName,Country,Province,Type,Reference,
UGAMS-7007,1920,20,charcoal,,Center,-35.17,-69.41,CuevaSalamanca,Argentina,Mendoza,closed,Gil et al. 2022,
UGAMS-7006,2200,20,charcoal,,Center,-35.17,-69.41,CuevaSalamanca,Argentina,Mendoza,closed,Gil et al. 2022,
UGAMS-7005,1870,20,charcoal,,Center,-35.17,-69.41,CuevaSalamanca,Argentina,Mendoza,closed,Gil et al. 2022,
UGAMS-3393,1360,60,dermals_oscicles,Mylodon_sp,Center,-34.453,-68.39,El Chancho,Argentina,Mendoza,open,Gil et al. 2022,
UGAMS-3391,10450,30,eggshell,Rhea sp.,Center,-34.453,-68.39,El Chancho,Argentina,Mendoza,open,Gil et al. 2022,
UGAM-13579,480,20,charcoal,,Center,-34.4,-69.9,RiscodeLosIndios,Argentina,Mendoza,open,Gil et al. 2022,
UGAM-13578,500,20,charcoal,,Center,-34.4,-69.9,RiscodeLosIndios,Argentina,Mendoza,open,Gil et al. 2022,
NSRL11723,8870,55,Charred material,,Center,-34.87,-69.9,ArroyoMalo3,Argentina,Mendoza,closed,Gil et al. 2022,
NSRL11722,7660,50,Charred material,,Center,-34.87,-69.9,ArroyoMalo3,Argentina,Mendoza,closed,Gil et al. 2022,
NSRL-11721,3570,40,charcoal,,Center,-34.87,-69.9,ArroyoMalo3,Argentina,Mendoza,closed,Gil et al. 2022,
NSRL11720,8580,60,Charred material,,Center,-34.87,-69.9,ArroyoMalo3,Argentina,Mendoza,closed,Gil et al. 2022,
NSRL-11719,4540,40,charcoal,,Center,-34.87,-69.9,ArroyoMalo3,Argentina,Mendoza,closed,Gil et al. 2022,
NSRL-11719,4540,40,Charred material,,Center,-34.87,-69.9,ArroyoMalo3,Argentina,Mendoza,closed,Gil et al. 2022,
NSRL 11721,3570,40,Charred material,,Center,-34.87,-69.9,ArroyoMalo3,Argentina,Mendoza,closed,Gil et al. 2022,
LP-991,9510,90,charcoal,,Center,-34.76,-68.37,GrutadelIndio,Argentina,Mendoza,closed,Gil et al. 2022,
LP-986,9160,90,charcoal,,Center,-34.76,-68.37,GrutadelIndio,Argentina,Mendoza,closed,Gil et al. 2022,
LP-958,2200,50,charcoal,,Center,-34.87,-69.9,ArroyoMalo3,Argentina,Mendoza,closed,Gil et al. 2022,
LP-946,3810,105,charcoal,,Center,-34.87,-69.9,ArroyoMalo3,Argentina,Mendoza,closed,Gil et al. 2022,
LP-941,9580,105,charcoal,,Center,-34.76,-68.37,GrutadelIndio,Argentina,Mendoza,closed,Gil et al. 2022,
LP-927,1360,50,charcoal,,Center,-34.74,-68.47,GrutaPuestoLasTinajas,Argentina,Mendoza,closed,Gil et al. 2022,
LP-921,1200,40,bone_collagen,Homo_sapiensa,Center,-35.15,-69.65,OjodeAgua,Argentina,Mendoza,open,Gil et al. 2022,
LP-890,200,10,bone_collagen,Homo_sapiensa,Center,-35.06,-69.62,TierrasBlancas,Argentina,Mendoza,open,Gil et al. 2022,
LP-876,9700,110,charcoal,,Center,-34.76,-68.37,GrutadelIndio,Argentina,Mendoza,closed,Gil et al. 2022,
LP-860,9590,120,charcoal,,Center,-34.76,-68.37,GrutadelIndio,Argentina,Mendoza,closed,Gil et al. 2022,
LP-837,560,65,charcoal,,Center,-34.85,-69.88,ArroyoMalo1,Argentina,Mendoza,open,Gil et al. 2022,
LP-823,2200,70,macrobotanical,Chenopodium_quinoa,Center,-34.76,-68.37,GrutadelIndio,Argentina,Mendoza,closed,Gil et al. 2022,
LP783,7670,105,Charred material,,Center,-34.85,-69.88,ArroyoMalo3,Argentina,Mendoza,closed,Gil et al. 2022,
LP-761,2300,60,macrobotanical,,Center,-34.76,-68.37,GrutadelIndio,Argentina,Mendoza,closed,Gil et al. 2022,
LP-611,840,60,charcoal,,Center,-34.5,-69.99,ElIndigeno,Argentina,Mendoza,open,Gil et al. 2022,
LP-585,880,60,charcoal,,Center,-34.69,-68.62,GrutadelDurazno,Argentina,Mendoza,closed,Gil et al. 2022,
LP-573,1170,60,charcoal,,Center,-34.5,-69.99,ElIndigeno,Argentina,Mendoza,open,Gil et al. 2022,
LP-562,1470,60,charcoal,,Center,-34.5,-69.99,ElIndigeno,Argentina,Mendoza,open,Gil et al. 2022,
LP-491,1010,65,charcoal,,Center,-34.69,-68.62,GrutadelDurazno,Argentina,Mendoza,closed,Gil et al. 2022,
LP-430,980,90,charcoal,,Center,-34.5,-69.99,ElIndigeno,Argentina,Mendoza,open,Gil et al. 2022,
LP-404,2040,120,bone_collagen,Homo_sapiensa,Center,-34.86,-67.8,JaimePrats,Argentina,Mendoza,open,Gil et al. 2022,
LP-1489,1430,70,charcoal,,Center,-34.76,-68.37,RincondelAtuel1,Argentina,Mendoza,open,Gil et al. 2022,
LP-1374,1420,60,bone_collagen,Homo_sapiensa,Center,-34.74,-68.23,CanadaSeca,Argentina,Mendoza,open,Gil et al. 2022,
LP-1370,1760,70,bone_collagen,Homo_sapiensa,Center,-34.76,-68.37,RincondelAtuel1,Argentina,Mendoza,open,Gil et al. 2022,
LP-1355,1030,70,charcoal,,Center,-34.76,-68.37,RincondelAtuel1,Argentina,Mendoza,open,Gil et al. 2022,
LP-1354,1520,70,charcoal,,Center,-34.76,-68.37,RincondelAtuel1,Argentina,Mendoza,open,Gil et al. 2022,
LP-1351,1040,60,charcoal,,Center,-34.76,-68.37,RincondelAtuel1,Argentina,Mendoza,open,Gil et al. 2022,
LP-1349,780,70,charcoal,,Center,-34.76,-68.37,RincondelAtuel1,Argentina,Mendoza,open,Gil et al. 2022,
LP-1341,1480,70,charcoal,,Center,-34.76,-68.37,RincondelAtuel1,Argentina,Mendoza,open,Gil et al. 2022,
LP-1338,330,60,charcoal,,Center,-34.76,-68.37,RincondelAtuel1,Argentina,Mendoza,open,Gil et al. 2022,
LP1279,5350,80,Charred material,,Center,-34.87,-69.9,ArroyoMalo3,Argentina,Mendoza,closed,Gil et al. 2022,
LP1267,5310,100,Charred material,,Center,-34.87,-69.9,ArroyoMalo3,Argentina,Mendoza,closed,Gil et al. 2022,
LP-1184,1790,50,bone_collagen,Homo_sapiensa,Center,-34.74,-68.23,CanadaSeca,Argentina,Mendoza,open,Gil et al. 2022,
LP-1024,360,50,charcoal,,Center,-34.6,-70.09,LosPeuquenes,Argentina,Mendoza,open,Gil et al. 2022,
LP-1018,280,50,charcoal,,Center,-34.6,-70.09,LosPeuquenes,Argentina,Mendoza,open,Gil et al. 2022,
LP 946,3810,105,Charred material,,Center,-34.87,-69.9,ArroyoMalo3,Argentina,Mendoza,closed,Gil et al. 2022,
LP 925,8990,80,Dung,,Center,-34.76,-68.37,GrutadelIndio,Argentina,Mendoza,closed,Gil et al. 2022,
LP 873,7430,90,Charred material,,Center,-34.76,-68.37,GrutadelIndio,Argentina,Mendoza,closed,Gil et al. 2022,
LP 854,8920,110,Charred material,,Center,-34.76,-68.37,GrutadelIndio,Argentina,Mendoza,closed,Gil et al. 2022,
LP 845,7860,90,Charred material,,Center,-34.76,-68.37,GrutadelIndio,Argentina,Mendoza,closed,Gil et al. 2022,
GrN-5772,9560,90,dermals_oscicles,Mylodon_sp,Center,-34.76,-68.37,GrutadelIndio,Argentina,Mendoza,closed,Gil et al. 2022,
GrN-5493,2210,90,macrobotanical,Phaseolus_sp,Center,-34.76,-68.37,GrutadelIndio,Argentina,Mendoza,closed,Gil et al. 2022,
GrN-5398,2095,95,macrobotanical,Phaseolus_sp,Center,-34.76,-68.37,GrutadelIndio,Argentina,Mendoza,closed,Gil et al. 2022,
GrN-5397,1910,60,Mummy funerary skin/cover,Homo_sapiensa,Center,-34.76,-68.37,GrutadelIndio,Argentina,Mendoza,closed,Gil et al. 2022,
GrN-5396,2065,40,macrobotanical,Z_maiz,Center,-34.76,-68.37,GrutadelIndio,Argentina,Mendoza,closed,Gil et al. 2022,
GrN-5395,3830,40,wood,,Center,-34.76,-68.37,GrutadelIndio,Argentina,Mendoza,closed,Gil et al. 2022,
GrN 5395,3830,40,Wood,,Center,-34.76,-68.37,GrutadelIndio,Argentina,Mendoza,closed,Gil et al. 2022,
GrN 5394,8045,55,Charred material,,Center,-34.76,-68.37,GrutadelIndio,Argentina,Mendoza,closed,Gil et al. 2022,
GaK-6492,3680,100,charcoal,,Center,-34.5,-69.45,GrutadelosPotrerillos,Argentina,Mendoza,closed,Gil et al. 2022,
GaK 6492,3680,100,Charred material,,Center,-34.5,-69.45,GrutadelosPotrerillos,Argentina,Mendoza,closed,Gil et al. 2022,
D-AMS 030696,2577,28,bone_collagen_camelidae,Homo_sapiensa,Center,-34.66,-69.6,ElPerdido1,Argentina,Mendoza,closed,Gil et al. 2022,
D-AMS 030695,6615,44,bone_collagen,Homo_sapiensa,Center,-34.7,-69.2,MedanoPuestoDiaz,Argentina,Mendoza,open,Gil et al. 2022,
CAINS#R01,11750,50,eggshell,Rhea sp.,Center,-34.453,-68.39,El Chancho,Argentina,Mendoza,open,Gil et al. 2022,
AMS 032205,978,25,bone_collagen,Homo_sapiensa,Center,-35.06,-68.6,El Nihuil,Argentina,Mendoza,open,Gil et al. 2022,
AMS 032204,420,26,bone_collagen,Homo_sapiensa,Center,-34.9,-68.62,Canon del Atuel,Argentina,Mendoza,open,Gil et al. 2022,
AMS 032203,1004,30,bone_collagen,Homo_sapiensa,Center,-34.74,-68.48,A Los Jilgueros,Argentina,Mendoza,open,Gil et al. 2022,
AMS 032202,840,28,bone_collagen,Homo_sapiensa,Center,-34.74,-68.48,ZanjondelosCiruelos,Argentina,Mendoza,open,Gil et al. 2022,
AMS 032201,847,29,bone_collagen,Homo_sapiensa,Center,-34.89,-68.49,Pto Medano Aisol,Argentina,Mendoza,open,Gil et al. 2022,
AC-1396,1755,80,bone_collagen,Homo_sapiensa,Center,-34.86,-67.8,JaimePrats,Argentina,Mendoza,open,Gil et al. 2022,
AA-98703,1948,36,bone_collagen,fish otholite,Center,-34.9,-67.78,LaOlla,Argentina,Mendoza,open,Gil et al. 2022,
AA-98702,1887,46,bone_collagen,,Center,-34.9,-67.78,LaOlla,Argentina,Mendoza,open,Gil et al. 2022,
AA-94007,1621,36,charcoal,,Center,-35.17,-69.41,CuevaSalamanca,Argentina,Mendoza,closed,Gil et al. 2022,
AA-94005,1055,35,charcoal,,Center,-35.17,-69.41,CuevaSalamanca,Argentina,Mendoza,closed,Gil et al. 2022,
AA-94004,1516,38,charcoal,,Center,-35.17,-69.41,CuevaSalamanca,Argentina,Mendoza,closed,Gil et al. 2022,
AA-94002,1561,38,charcoal,,Center,-35.17,-69.41,CuevaSalamanca,Argentina,Mendoza,closed,Gil et al. 2022,
AA-94000,2030,36,charcoal,,Center,-34.94,-69.84,CuevaPalulo,Argentina,Mendoza,closed,Gil et al. 2022,
AA-93999,130,33,charcoal,,Center,-34.94,-69.84,CuevaPalulo,Argentina,Mendoza,closed,Gil et al. 2022,
AA-93800,407,41,bone_collagen,Homo_sapiensa,Center,-34.83,-69.94,AguaBuena,Argentina,Mendoza,open,Gil et al. 2022,
AA-93799,197,41,bone_collagen,Homo_sapiensa,Center,-35.04,-69.35,ElSosneado,Argentina,Mendoza,open,Gil et al. 2022,
AA-93798,695,42,bone_collagen,Homo_sapiensa,Center,-34.73,-68.69,ElDurazno,Argentina,Mendoza,open,Gil et al. 2022,
AA-93797,636,42,bone_collagen,Homo_sapiensa,Center,-34.6,-68.55,PuestoAguadelZapallo,Argentina,Mendoza,open,Gil et al. 2022,
AA-93796,1621,45,bone_collagen,Homo_sapiensa,Center,-35.08,-68.69,Arbolito,Argentina,Mendoza,open,Gil et al. 2022,
AA-93795,1592,45,bone_collagen,Homo_sapiensa,Center,-34.74,-68.23,CanadaSeca,Argentina,Mendoza,open,Gil et al. 2022,
AA-93794,1538,45,bone_collagen,Homo_sapiensa,Center,-34.74,-68.23,CanadaSeca,Argentina,Mendoza,open,Gil et al. 2022,
AA-93793,1566,45,bone_collagen,Homo_sapiensa,Center,-34.74,-68.23,CanadaSeca,Argentina,Mendoza,open,Gil et al. 2022,
AA-93791,1832,46,bone_collagen,Homo_sapiensa,Center,-34.86,-67.8,JaimePrats,Argentina,Mendoza,open,Gil et al. 2022,
AA-90975,2308,41,bone_collagen,Homo_sapiensa,Center,-34.58,-68.58,ArroyodelTigre,Argentina,Mendoza,open,Gil et al. 2022,
AA-90974,610,35,bone_collagen,Homo_sapiensa,Center,-34.48,-68.48,LaHedionda,Argentina,Mendoza,open,Gil et al. 2022,
AA-90973,1202,36,bone_collagen,Homo_sapiensa,Center,-34.68,-69.52,AguadelMedano,Argentina,Mendoza,open,Gil et al. 2022,
AA-90972,1043,37,bone_collagen,Homo_sapiensa,Center,-34.25,-68.7,CampolasJulias,Argentina,Mendoza,open,Gil et al. 2022,
AA-90971,150,37,bone_collagen,Homo_sapiensa,Center,-34.59,-68.56,Dique25deMayo,Argentina,Mendoza,open,Gil et al. 2022,
AA-90969,254,37,bone_collagen,Homo_sapiensa,Center,-35.03,-68.67,ElNihuil,Argentina,Mendoza,open,Gil et al. 2022,
AA-90968,416,37,bone_collagen,Homo_sapiensa,Center,-34.6,-68.55,LosCoroneles,Argentina,Mendoza,open,Gil et al. 2022,
AA-90967,2259,40,bone_collagen,Homo_sapiensa,Center,-34.53,-68.32,PuestoLaHuertita,Argentina,Mendoza,open,Gil et al. 2022,
AA-90966,1174,43,bone_collagen,Homo_sapiensa,Center,-34.57,-68.68,LosReyunos,Argentina,Mendoza,open,Gil et al. 2022,
AA-90964,532,37,bone_collagen,Homo_sapiensa,Center,-34.7,-68.3,LomadelEje,Argentina,Mendoza,open,Gil et al. 2022,
AA-90287,1806,51,charcoal,,Center,-34.84,-69.9,LagunaElSosneado3,Argentina,Mendoza,closed,Gil et al. 2022,
AA-90286,659,51,bone_collagen,Homo_sapiensa,Center,-34.84,-69.9,LagunaElSosneado3,Argentina,Mendoza,closed,Gil et al. 2022,
AA-85714,1629,37,charcoal,,Center,-34.85,-67.79,RealdelPadre2,Argentina,Mendoza,open,Gil et al. 2022,
AA-85713,172,25,charcoal,,Center,-34.81,-67.89,RealdelPadre1,Argentina,Mendoza,open,Gil et al. 2022,
AA-85712,660,26,charcoal,,Center,-34.9,-67.78,LaOlla,Argentina,Mendoza,open,Gil et al. 2022,
AA-85710,402,25,charcoal,,Center,-34.9,-67.78,LaOlla,Argentina,Mendoza,open,Gil et al. 2022,
AA-85705,686,43,bone_collagen,Homo_sapiensa,Center,-35.03,-68.67,ElNihuil1,Argentina,Mendoza,open,Gil et al. 2022,
AA-85701,1438,37,macrobotanical,Chusquea_culeu,Center,-34.66,-69.6,ElMallin,Argentina,Mendoza,closed,Gil et al. 2022,
AA-85700,1563,37,macrobotanical,Lagenaria sp.,Center,-34.66,-69.6,ElMallin,Argentina,Mendoza,closed,Gil et al. 2022,
AA85699,2228,37,charcoal,,Center,-34.94,-69.84,CuevaPalulo,Argentina,Mendoza,closed,Gil et al. 2022,
AA85698,2042,37,charcoal,,Center,-34.94,-69.84,CuevaPalulo,Argentina,Mendoza,closed,Gil et al. 2022,
AA-85697,3970,40,charcoal,,Center,-34.94,-69.84,CuevaPalulo,Argentina,Mendoza,closed,Gil et al. 2022,
AA-85695,2793,39,charcoal,,Center,-34.93,-69.84,ArroyoPanchino,Argentina,Mendoza,open,Gil et al. 2022,
AA85694,1048,36,charcoal,,Center,-34.93,-69.84,ArroyoPanchino,Argentina,Mendoza,open,Gil et al. 2022,
AA-85693,1234,42,charcoal,,Center,-34.93,-69.84,ArroyoPanchino,Argentina,Mendoza,open,Gil et al. 2022,
AA-73242,197,32,charcoal,,Center,-34.94,-67.73,ElBosquecillo3,Argentina,Mendoza,open,Gil et al. 2022,
AA-73241,903,32,charcoal,,Center,-34.93,-67.73,ElBosquecillo5,Argentina,Mendoza,open,Gil et al. 2022,
AA-73240,886,32,charcoal,,Center,-34.94,-67.73,ElBosquecillo3,Argentina,Mendoza,open,Gil et al. 2022,
AA-73230,506,32,macrobotanical,Z_maiz,Center,-34.76,-68.37,RincondelAtuel1,Argentina,Mendoza,open,Gil et al. 2022,
AA-73229,491,33,macrobotanical,Z_maiz,Center,-34.76,-68.37,RincondelAtuel1,Argentina,Mendoza,open,Gil et al. 2022,
AA-73212,650,32,macrobotanical,Z_maiz,Center,-34.56,-69.34,GrutaElCarrizalito,Argentina,Mendoza,closed,Gil et al. 2022,
AA-73211,2332,35,charcoal,,Center,-34.56,-69.34,GrutaElCarrizalito,Argentina,Mendoza,closed,Gil et al. 2022,
AA73210,1081,60,macrobotanical,Z_maiz,Center,-34.58,-69.46,AleroMontiel,Argentina,Mendoza,closed,Gil et al. 2022,
AA-73209,530,32,charcoal,,Center,-34.56,-69.34,GrutaElCarrizalito,Argentina,Mendoza,closed,Gil et al. 2022,
AA73208,1840,34,charcoal,,Center,-34.58,-69.46,AleroMontiel,Argentina,Mendoza,closed,Gil et al. 2022,
AA-73207,2239,34,charcoal,,Center,-34.58,-69.46,AleroMontiel,Argentina,Mendoza,closed,Gil et al. 2022,
AA73206,407,35,charcoal,,Center,-34.58,-69.46,AleroMontiel,Argentina,Mendoza,closed,Gil et al. 2022,
AA-66581,1159,38,charcoal,,Center,-34.79,-67.95,LosGallegos1,Argentina,Mendoza,open,Gil et al. 2022,
AA-66580,1217,37,charcoal,,Center,-34.79,-67.95,LosGallegos1,Argentina,Mendoza,open,Gil et al. 2022,
AA-66579,1365,37,macrobotanical,Z_maiz,Center,-34.76,-68.37,ZanjonElMorado,Argentina,Mendoza,closed,Gil et al. 2022,
AA-62938,274,45,bone_collagen,Homo_sapiensa,Center,-35.03,-68.67,ElNihuil,Argentina,Mendoza,open,Gil et al. 2022,
AA-62937,2936,60,bone_collagen,Homo_sapiensa,Center,-34.74,-68.23,CasadePiedraElPerdido,Argentina,Mendoza,closed,Gil et al. 2022,
AA-59590,1887,42,bone_collagen,Homo_sapiensa,Center,-34.86,-67.8,JaimePrats,Argentina,Mendoza,open,Gil et al. 2022,
AA-59589,1880,49,bone_collagen,Homo_sapiensa,Center,-34.86,-67.8,JaimePrats,Argentina,Mendoza,open,Gil et al. 2022,
AA-59588,3944,46,bone_collagen,Homo_sapiensa,Center,-34.76,-68.37,GrutadelIndio,Argentina,Mendoza,closed,Gil et al. 2022,
AA-59587,2865,52,bone_collagen,Homo_sapiensa,Center,-34.7,-69.2,MedanoPuestoDiaz,Argentina,Mendoza,open,Gil et al. 2022,
AA-58293,645,42,bone_collagen,Homo_sapiensa,Center,-34.9,-67.78,LaOlla,Argentina,Mendoza,open,Gil et al. 2022,
AA58292,8738,50,Charred material,,Center,-34.87,-69.9,ArroyoMalo3,Argentina,Mendoza,closed,Gil et al. 2022,
AA-58291,2145,41,charcoal,,Center,-34.84,-69.9,LagunaElSosneado3,Argentina,Mendoza,closed,Gil et al. 2022,
AA-58289,1969,36,charcoal,,Center,-34.78,-68.08,MDA7275,Argentina,Mendoza,open,Gil et al. 2022,
AA-58286,398,34,charcoal,,Center,-34.79,-68.02,MDA114116,Argentina,Mendoza,open,Gil et al. 2022,
AA-58284,97,36,bone_collagen,Homo_sapiensa,Center,-35.1,-68.73,Arbolito6,Argentina,Mendoza,open,Gil et al. 2022,
AA-58282,965,35,bone_collagen,Homo_sapiensa,Center,-35.1,-69.6,LasRamadas,Argentina,Mendoza,open,Gil et al. 2022,
AA-58281,580,40,bone_collagen,Homo_sapiensa,Center,-34.76,-68.37,GrutadelIndio,Argentina,Mendoza,closed,Gil et al. 2022,
AA-58280,3860,60,bone_collagen,Homo_sapiensa,Center,-34.76,-68.37,GrutadelIndio,Argentina,Mendoza,closed,Gil et al. 2022,
AA-58279,580,35,bone_collagen,Homo_sapiensa,Center,-34.81,-68.38,CerroNegro,Argentina,Mendoza,closed,Gil et al. 2022,
AA-58278,510,50,bone_collagen,Homo_sapiensa,Center,-34.76,-68.37,GrutadelIndio,Argentina,Mendoza,closed,Gil et al. 2022,
AA-54670,2879,77,bone_collagen,Homo_sapiensa,Center,-34.76,-68.37,GrutadelIndio,Argentina,Mendoza,closed,Gil et al. 2022,
AA26193,8900,60,Charred material,,Center,-34.87,-69.9,ArroyoMalo3,Argentina,Mendoza,closed,Gil et al. 2022,
AA-26192,1045,50,macrobotanical,Z_maiz,Center,-34.5,-69.99,ElIndigeno,Argentina,Mendoza,open,Gil et al. 2022,
AA110398,5208,28,charcoal,,Center,-34.66,-69.6,ElMallin,Argentina,Mendoza,closed,Gil et al. 2022,
AA110397,7808,31,charcoal,,Center,-34.66,-69.6,ElMallin,Argentina,Mendoza,closed,Gil et al. 2022,
AA110173,2330,29,bone_collagen_camelidae,Homo_sapiensa,Center,-34.66,-69.6,ElMallin,Argentina,Mendoza,closed,Gil et al. 2022,
AA110172,983,26,bone_collagen,Homo_sapiensa,Center,-34.64,-69.57,CuevaManantial,Argentina,Mendoza,closed,Gil et al. 2022,
AA110171,1967,26,charcoal,,Center,-34.64,-69.57,CuevaManantial,Argentina,Mendoza,closed,Gil et al. 2022,
AA110170,617,20,charcoal,,Center,-34.68,-69.59,ElPerdido5,Argentina,Mendoza,open,Gil et al. 2022,
AA110169,918,20,charcoal,,Center,-34.63,-69.63,ElPerdido4,Argentina,Mendoza,open,Gil et al. 2022,
AA109033,1761,26,bone_collagen,Homo_sapiensa,Center,-35.15,-69.65,Ojo de Agua 2,Argentina,Mendoza,open,Gil et al. 2022,
AA109032,1943,26,bone_collagen,Homo_sapiensa,Center,-35.15,-69.65,Ojo de Agua1,Argentina,Mendoza,open,Gil et al. 2022,
AA109031,1842,26,bone_collagen,Homo_sapiensa,Center,-35.15,-69.65,Ojo de Agua1,Argentina,Mendoza,open,Gil et al. 2022,
AA107421,2637,28,charcoal,,Center,-34.59,-68.55,FuerteSanRafael,Argentina,Mendoza,open,Gil et al. 2022,
AA107269,1240,29,bone_collagen,Homo_sapiensa,Center,-34.78,-68.03,La Guevarina,Argentina,Mendoza,open,Gil et al. 2022,
AA105539,8272,42,charcoal,,Center,-34.68,-69.52,AguadelMedano,Argentina,Mendoza,open,Gil et al. 2022,
AA105538,8258,33,charcoal,,Center,-34.68,-69.52,AguadelMedano,Argentina,Mendoza,open,Gil et al. 2022,
AA105136,1094,35,bone_collagen,Homo_sapiensa,Center,-34.75,-68.41,Camping Familiar Cristiano 1,Argentina,Mendoza,open,Gil et al. 2022,
AA-102653,478,38,charcoal,,Center,-34.4,-69.9,RiscodeLosIndios,Argentina,Mendoza,open,Gil et al. 2022,
AA 85697,3970,40,Charred material,,Center,-34.94,-69.84,CuevaPalulo,Argentina,Mendoza,closed,Gil et al. 2022,
AA 73231,8886,46,Charred material,,Center,-34.66,-69.6,ElMallin,Argentina,Mendoza,closed,Gil et al. 2022,
AA 73215,8301,77,bone_collagen,Homo_sapiensa,Center,-34.66,-69.6,ElMallin,Argentina,Mendoza,closed,Gil et al. 2022,
AA 59588,3944,46,bone_collagen,Homo_sapiensa,Center,-34.76,-68.37,GrutadelIndio,Argentina,Mendoza,closed,Gil et al. 2022,
AA 58280,3860,60,bone_collagen,Homo_sapiensa,Center,-34.76,-68.37,GrutadelIndio,Argentina,Mendoza,closed,Gil et al. 2022,
AA 3205,8435,46,Charred material,,Center,-34.66,-69.6,ElMallin,Argentina,Mendoza,closed,Gil et al. 2022,
A-9498,10170,70,charcoal,,Center,-34.76,-68.37,GrutadelIndio,Argentina,Mendoza,closed,Gil et al. 2022,
A-9497,10195,80,charcoal,,Center,-34.76,-68.37,GrutadelIndio,Argentina,Mendoza,closed,Gil et al. 2022,
A-9496,9990,75,charcoal,,Center,-34.76,-68.37,GrutadelIndio,Argentina,Mendoza,closed,Gil et al. 2022,
A-9495,9890,75,charcoal,,Center,-34.76,-68.37,GrutadelIndio,Argentina,Mendoza,closed,Gil et al. 2022,
A-9494,10285,240,Dung,,Center,-34.76,-68.37,GrutadelIndio,Argentina,Mendoza,closed,Gil et al. 2022,
A-9493,10900,185,Dung,,Center,-34.76,-68.37,GrutadelIndio,Argentina,Mendoza,closed,Gil et al. 2022,
A-9492,9825,95,charcoal,,Center,-34.76,-68.37,GrutadelIndio,Argentina,Mendoza,closed,Gil et al. 2022,
A-9491,9770,85,charcoal,,Center,-34.76,-68.37,GrutadelIndio,Argentina,Mendoza,closed,Gil et al. 2022,
A-9489,9905,140,charcoal,,Center,-34.76,-68.37,GrutadelIndio,Argentina,Mendoza,closed,Gil et al. 2022,
A-9487,10440,225,charcoal,,Center,-34.76,-68.37,GrutadelIndio,Argentina,Mendoza,closed,Gil et al. 2022,
A-9486,10135,95,charcoal,,Center,-34.76,-68.37,GrutadelIndio,Argentina,Mendoza,closed,Gil et al. 2022,
A-1638,10530,140,charcoal,,Center,-34.76,-68.37,GrutadelIndio,Argentina,Mendoza,closed,Gil et al. 2022,
A-1637,9740,280,charcoal,,Center,-34.76,-68.37,GrutadelIndio,Argentina,Mendoza,closed,Gil et al. 2022,
A-1636,10200,300,Dung,,Center,-34.76,-68.37,GrutadelIndio,Argentina,Mendoza,closed,Gil et al. 2022,
A-1373,10930,540,charcoal,,Center,-34.76,-68.37,GrutadelIndio,Argentina,Mendoza,closed,Gil et al. 2022,
A-1351,10610,210,Dung,,Center,-34.76,-68.37,GrutadelIndio,Argentina,Mendoza,closed,Gil et al. 2022,
A-1282,9650,800,Dung,,Center,-34.76,-68.37,GrutadelIndio,Argentina,Mendoza,closed,Gil et al. 2022,
UZ-2668/ETH-7372,1070,50,bone_collagen,,North,-32.41,-69.18,JaguelVI,Argentina,Mendoza,closed,Barcena 1998,
UZ-2527/ETH-5320,420,60,charcoal,,North,-32.11,-69.35,CienagadeYalguaraz,Argentina,Mendoza,open,Barcena 1998,
UZ-2526/ETH-5319,540,55,charcoal,,North,-32.11,-69.35,CienagadeYalguaraz,Argentina,Mendoza,open,Barcena 1998,
UZ-2525/ETH-5318,485,60,charcoal,,North,-32.11,-69.35,CienagadeYalguaraz,Argentina,Mendoza,open,Barcena 1998,
UZ-2524/ETH-5317,605,60,charcoal,,North,-32.11,-69.35,CienagadeYalguaraz,Argentina,Mendoza,open,Barcena 1998,
UZ-1383,1860,80,charcoal,,North,-32.42,-69.19,JaguelIII,Argentina,Mendoza,closed,Barcena 1998,
UZ 2528/ETH 5321,5875,70,charcoal,,North,-32.59,-69.44,PasodelosParamillosI,Argentina,Mendoza,closed,Barcena 1998,
URU-0473,3220,70,charcoal,,North,-32.9,-68.98,PuestoLima,Argentina,Mendoza,open,Barberena et al. 2020,
URU-0443,3100,80,charcoal,,North,-32.52,-69,VaqueriaGruta1,Argentina,Mendoza,closed,Chiavazza and Mansegosa 2009,
URU-0426,2120,50,bone_collagen,Homo_sapiensa,North,-32.87,-68.84,ZanjondelosCiruelos,Argentina,Mendoza,open,Prieto y Chiavazza 2006,
URU-0305,1690,40,charcoal,,North,-32.97,-69.17,SanIgnacio,Argentina,Mendoza,open,Duran et al. 2013,
URU-0302,1630,40,charcoal,,North,-32.97,-69.17,SanIgnacio,Argentina,Mendoza,open,Duran et al. 2013,
URU-0301,1310,40,charcoal,,North,-32.97,-69.17,SanIgnacio,Argentina,Mendoza,open,Duran et al. 2013,
URU-0280,2100,90,charcoal,,North,-32.87,-68.82,RuinasdeSanFrancisco,Argentina,Mendoza,open,Chiavazza 2005,
URU-0279,440,40,charcoal,,North,-32.87,-68.82,RuinasdeSanFrancisco,Argentina,Mendoza,open,Chiavazza and Mafferra 2007,
URU-0251,1560,40,charcoal,,North,-32.93,-69.11,LosConitosAlero2,Argentina,Mendoza,closed,Cortegoso 2004,
URU-0250,1050,40,charcoal,,North,-32.93,-69.11,LosConitosAlero1,Argentina,Mendoza,closed,Cortegoso 2004,
URU-0249,2320,40,charcoal,,North,-32.93,-69.11,LosConitosAlero2,Argentina,Mendoza,closed,Cortegoso 2004,
URU-0153,1290,60,charcoal,,North,-32.52,-69,VaqueriaGruta1,Argentina,Mendoza,closed,Chiavazza et al. 2003,
URU-0152,1110,70,charcoal,,North,-32.93,-69.32,LaManga,Argentina,Mendoza,open,Cortegoso 2004,
URU-0150 ,1000,50,charcoal,,North,-32.93,-69.32,LaManga,Argentina,Mendoza,open,Cortegoso 2004,
URU-0094,2230,70,charcoal,,North,-32.54,-68.96,PiedrondelaQuebradaSeca,Argentina,Mendoza,closed,Chiavazza 2009,
URU-0093,380,65,charcoal,,North,-32.52,-69,VaqueriaGruta1,Argentina,Mendoza,closed,Chiavazza et al. 2003,
URU-0080,1180,50,charcoal,,North,-32.52,-69,VaqueriaGruta2,Argentina,Mendoza,closed,Chiavazza et al. 2003,
URU-0076,540,45,charcoal,,North,-32.52,-69,VaqueriaGruta2,Argentina,Mendoza,closed,Chiavazza et al. 2003,
URU-0062,1580,80,charcoal,,North,-32.61,-69.1,RincondelosHelados,Argentina,Mendoza,open,Chiavazza 1995,
URU-0061,1010,50,charcoal,,North,-32.52,-69,VaqueriaGruta2,Argentina,Mendoza,closed,Chiavazza et al. 2003,
UGA-8660,2480,50,bone_collagen,Homo_sapiensa,North,-32.62,-69.15,AguadelaCueva,Argentina,Mendoza,closed,Gil et al. 2009,
LP-642,610,80,charcoal,,North,-32.61,-69.1,RincondelosHelados,Argentina,Mendoza,open,Chiavazza 1995,
LP-496,1720,50,charcoal,,North,-32.61,-69.1,RincondelosHelados,Argentina,Mendoza,open,Chiavazza 1995,
LP-443,790,50,charcoal,,North,-32.61,-69.1,RincondelosHelados,Argentina,Mendoza,open,Chiavazza 1995,
LP-3601,1350,60,charcoal,,North,-32.89,-68.84,MemorialdelaBandera,Argentina,Mendoza,open,Prieto-Olavarria et al. 2021,
LP-3598,530,40,charcoal,,North,-32.46,-69.42,ElChacay,Argentina,Mendoza,open,Terraza et al. 2019,
LP-3421,1540,50,charcoal,,North,-32.53,-69.31,UspallataNorte,Argentina,Mendoza,open,Castro et al. 2019,
LP-3343,930,50,charcoal,,North,-33.4,-68.9,Carrizal Remanso 7,Argentina,Mendoza,open,Ots et al. 2016,
LP-324,4720,80,charcoal,,North,-32.62,-69.15,AguadelaCueva,Argentina,Mendoza,closed,Garcia 1997,
LP-3225,1040,80,charcoal,,North,-33.4,-68.9,Carrizal Remanso 7,Argentina,Mendoza,open,Ots et al. 2016,
LP-3195,2100,80,charcoal,,North,-32.89,-68.84,MemorialdelaBandera,Argentina,Mendoza,open,Prieto-Olavarria et al. 2021,
LP-3180,1910,80,charcoal,,North,-32.89,-68.84,MemorialdelaBandera,Argentina,Mendoza,open,Prieto-Olavarria et al. 2019,
LP-3149,840,50,charcoal,,North,-33.49,-69.14,PuestoLaIsla,Argentina,Mendoza,open,Ots et al. 2016,
LP-3110,2450,60,bone_collagen,Homo_sapiensa,North,-33.09,-68.07,BarrancasB6,Argentina,Mendoza,open,Novellino et al. 2018,
LP-309,980,50,charcoal,,North,-32.51,-69.13,CuevaElJaguelito,Argentina,Mendoza,closed,Garcia 1992,
LP-2997,2100,90,charcoal,,North,-33.1,-68.33,Barrancas61,Argentina,Mendoza,open,Marsh and Estrella 2014,
LP-2994,780,50,charcoal,,North,-32.62,-69.15,AguadelaCueva,Argentina,Mendoza,closed,Duran et al. 2020,
LP-2954,1820,60,charcoal,,North,-32.62,-69.15,AguadelaCueva,Argentina,Mendoza,closed,Duran et al. 2020,
LP-2950,600,60,charcoal,,North,-32.62,-69.15,AguadelaCueva,Argentina,Mendoza,closed,Duran et al. 2020,
LP-2673,1990,70,charcoal,,North,-32.54,-69.32,AleroTunduqueral,Argentina,Mendoza,closed,Buehlman-Barbeau et al. 2017,
LP-2661,1270,60,charcoal,,North,-32.95,-69.2,TerrazadeGendarmeria,Argentina,Mendoza,open,Duran et al. 2014,
LP-2645,370,50,charcoal,,North,-32.89,-68.84,MemorialdelaBandera,Argentina,Mendoza,open,Chiavazza 2015,
LP-2644,1230,60,charcoal,,North,-32.89,-68.84,MemorialdelaBandera,Argentina,Mendoza,open,Chiavazza 2015,
LP-2435,1150,50,charcoal,,North,-32.95,-69.2,TerrazadeGendarmeria,Argentina,Mendoza,open,Duran et al. 2014,
LP-2432,1230,40,charcoal,,North,-32.95,-69.2,TerrazadeGendarmeria,Argentina,Mendoza,open,Duran et al. 2014,
LP-2425,1230,50,charcoal,,North,-32.95,-69.2,TerrazadeGendarmeria,Argentina,Mendoza,open,Duran et al. 2014,
LP-2387,2260,80,bone_collagen,Homo_sapiensa,North,-33.09,-68.07,BarrancasB6,Argentina,Mendoza,open,Novellino et al. 2013,
LP-2277,1900,70,charcoal,,North,-32.53,-68.97,AguadelosPajaritos1,Argentina,Mendoza,open,Chiavazza et al. 2010,
LP-2082,240,70,charcoal,,North,-32.89,-68.86,EdificioPlazaHuarpe,Argentina,Mendoza,closed,Chiavazza et al. 2012,
LP-2073,230,60,charcoal,,North,-32.88,-68.88,AlberdieItuzaingo,Argentina,Mendoza,open,Chiavazza and Mafferra 2007,
LP-2052,300,60,charcoal,,North,-32.89,-68.86,EdificioPlazaHuarpe,Argentina,Mendoza,closed,Chiavazza et al. 2012,
LP-1820,1690,60,charcoal,,North,-32.93,-69.11,LosConitosAlero2,Argentina,Mendoza,closed,Cortegoso 2004,
LP-1819,1350,60,charcoal,,North,-32.93,-69.11,LosConitosAlero2,Argentina,Mendoza,closed,Cortegoso 2008,
LP-1803,1510,70,charcoal,,North,-32.97,-69.17,SanIgnacio,Argentina,Mendoza,open,Cortegoso 2008,
LP-1799,3300,80,charcoal,,North,-32.93,-69.11,LosConitosAlero2,Argentina,Mendoza,closed,Cortegoso 2008,
LP-1637,1090,60,charcoal,,North,-33.6,-69.38,ElManzanoHistorico,Argentina,Mendoza,open,Gil et al. 2014,
LP-1627,1220,70,charcoal,,North,-32.62,-69.15,AguadelaCueva,Argentina,Mendoza,closed,Duran et al. 2014,
LP-1621,1330,60,charcoal,,North,-32.62,-69.15,AguadelaCueva,Argentina,Mendoza,closed,Duran et al. 2014,
LP-1598,2100,70,charcoal,,North,-34.2,-69.7,LagunaElDiamante,Argentina,Mendoza,open,Gil et al. 2022,
LP-1586,1390,50,charcoal,,North,-32.62,-69.15,AguadelaCueva,Argentina,Mendoza,closed,Duran et al. 2014,
LP-1563,190,70,charcoal,,North,-34.2,-69.7,LagunaElDiamante,Argentina,Mendoza,open,Gil et al. 2022,
LP-1548,9410,90,charcoal,,North,-32.62,-69.15,AguadelaCueva,Argentina,Mendoza,closed,Garcia et al. 1999,
LP-1400,1410,40,charcoal,,North,-34.2,-69.7,LagunaElDiamante,Argentina,Mendoza,open,Gil et al. 2022,
LP-1272,1230,70,charcoal,,North,-32.43,-68.99,CuevadelToro,Argentina,Mendoza,closed,Garcia 2004,
LP-1046,1280,90,charcoal,,North,-33,-69.03,LaCrucesita,Argentina,Mendoza,open,Garcia 2002,
LP-1043,1100,40,charcoal,,North,-34.2,-69.7,LagunaElDiamante,Argentina,Mendoza,open,Gil et al. 2022,
LP-1039,1240,90,charcoal,,North,-33,-69.03,LaCrucesita,Argentina,Mendoza,open,Garcia 2002,
LP 1678,8460,100,charcoal,,North,-32.62,-69.15,AguadelaCueva,Argentina,Mendoza,closed,Lucero et al. 2006,
LP 1662,8270,90,charcoal,,North,-32.62,-69.15,AguadelaCueva,Argentina,Mendoza,closed,Lucero et al. 2006,
LP 1654,7420,90,charcoal,,North,-32.62,-69.15,AguadelaCueva,Argentina,Mendoza,closed,Garcia et al. 1999,
I-17185,1620,80,charcoal,,North,-32.88,-68.88,PlazadeMendoza,Argentina,Mendoza,open,Barcena 1998,
I-17047,750,80,charcoal,,North,-32.45,-68.66,ElTelegrafo,Argentina,Mendoza,open,Garcia 2002,
I-17046,1240,80,charcoal,,North,-32.5,-69.05,AleroLosHornillos,Argentina,Mendoza,closed,Garcia 1992,
I-17045,920,80,charcoal,,North,-32.5,-69.05,AleroLosHornillos,Argentina,Mendoza,closed,Garcia 1992,
I-17004,300,80,charcoal,,North,-32.6,-69.46,TambodeRanchillo,Argentina,Mendoza,open,Barcena 1998,
I-17003,220,80,charcoal,,North,-32.6,-69.46,TambodeRanchillo,Argentina,Mendoza,open,Barcena 1998,
I-17002,290,80,charcoal,,North,-32.6,-69.46,TambodeRanchillo,Argentina,Mendoza,open,Barcena 1998,
I-16908,300,80,charcoal,,North,-32.38,-69.39,TambodeTambillos,Argentina,Mendoza,open,Barcena 1998,
I-16907,310,80,charcoal,,North,-32.38,-69.39,TambodeTambillos,Argentina,Mendoza,open,Barcena 1998,
I-16774,1020,80,charcoal,,North,-32.51,-69.14,ElJaguelito2,Argentina,Mendoza,closed,Garcia 1992,
I-16773,3460,100,charcoal,,North,-32.62,-69.15,AguadelaCueva,Argentina,Mendoza,closed,Garcia et al. 1999,
I-16772,4090,110,charcoal,,North,-32.62,-69.15,AguadelaCueva,Argentina,Mendoza,closed,Garcia et al. 1999,
I-16683,220,80,charcoal,,North,-32.88,-68.88,CabildodeMendoza,Argentina,Mendoza,open,Barcena 1998,
I-16637,290,130,charcoal,,North,-32.38,-69.39,TambodeTambillos,Argentina,Mendoza,open,Barcena 1998,
I-16636,470,80,charcoal,,North,-32.61,-69.34,BarrioRamosI,Argentina,Mendoza,open,Barcena 1998,
I-14291,1050,80,charcoal,,North,-32.51,-69.13,CuevaElJaguelito,Argentina,Mendoza,closed,Sacchero et al. 1988,
Hv-10328,1890,50,charcoal,,North,-32.43,-68.99,CuevadelToro,Argentina,Mendoza,closed,Garcia 1992,
GX-19991,370,70,bone_collagen,Homo_sapiensa,North,-32.65,-70,Aconcagua,Argentina,Mendoza,open,Schobinger 2001,
GIF-4607,180,80,charcoal,,North,-32.11,-69.35,CienagadeYalguaraz,Argentina,Mendoza,open,Barcena 1998,
GIF-4492,4170,110,charcoal,,North,-32.2,-69.49,Alero2AElTigre,Argentina,Mendoza,closed,Barcena 1998,
GaK-9958,3550,100,charcoal,,North,-32.42,-69.19,JaguelIII,Argentina,Mendoza,closed,Barcena and Roig 1982,
GaK-9957,1890,110,charcoal,,North,-32.41,-69.18,JaguelII,Argentina,Mendoza,closed,Barcena 1998,
GaK-9666,1430,110,charcoal,,North,-32.35,-69.47,Alero1Tambillos,Argentina,Mendoza,closed,Barcena 1998,
GaK-8272,1060,90,charcoal,,North,-32.2,-69.49,Alero2AElTigre,Argentina,Mendoza,closed,Barcena 1998,
GaK-7483,2750,120,charcoal,,North,-32.2,-69.49,Alero2AElTigre,Argentina,Mendoza,closed,Barcena 1998,
GaK-7312,390,90,charcoal,,North,-32.11,-69.35,CienagadeYalguaraz,Argentina,Mendoza,open,Barcena 1998,
GaK-10733,4510,130,charcoal,,North,-32.46,-69.3,AguadelaTinajaI,Argentina,Mendoza,closed,Barcena et al. 1985,
D-AMS030572 AMS,1499,31,charcoal,,North,-32.89,-68.84,MemorialdelaBandera,Argentina,Mendoza,open,Prieto-Olavarria et al. 2021,
DAMS-018770,651,30,bone_collagen,Homo_sapiensa,North,-32.9,-68.8,Natania,Argentina,Mendoza,open,Novellino et al. 2018,
D-AMS 033194,682,25,bone_collagen,Homo_sapiensa,North,-32.59,-69.35,PotreroLasColonias,Argentina,Mendoza,open,Barberena et al. 2020,
D-AMS 033193,772,25,bone_collagen,Homo_sapiensa,North,-32.59,-69.35,UspallataUsinaSur,Argentina,Mendoza,open,Barberena et al. 2020,
D-AMS 032200,907,27,bone_collagen,Homo_sapiensa,North,-33.47,-69.19,AguaAmarga,Argentina,Mendoza,open,Ots 2020,
D-AMS 031415,634,28,bone_collagen,Homo_sapiensa,North,-32.59,-69.35,PotreroLasColonias,Argentina,Mendoza,open,Barberena et al. 2020,
D-AMS 030192,298,28,bone-collagen,Homo_sapiensa,North,-32.65,-69.36,MontedeAlgarrobo,Argentina,Mendoza,open,Barberena et al. 2020,
D-AMS 018774,1656,36,charcoal,,North,-32.53,-69.31,UspallataNorte,Argentina,Mendoza,open,Castro et al. 2019,
Beta-98941,550,50,no data,,North,-32.86,-69.86,Penitentes,Argentina,Mendoza,closed,Barcena 1998,
BETA-90740,7450,140,charcoal,,North,-32.62,-69.15,AguadelaCueva,Argentina,Mendoza,closed,Garcia et al. 1999,
BETA-88787,460,80,charcoal,,North,-32.38,-69.39,TambodeTambillitos,Argentina,Mendoza,open,Barcena 1998,
BETA-88786,540,100,charcoal,,North,-32.38,-69.39,TambodeTambillitos,Argentina,Mendoza,open,Barcena 1998,
BETA-88785,480,40,hair,Homo_sapiensa,North,-32.65,-70,Aconcagua,Argentina,Mendoza,open,Barcena 1998,
BETA-8580,2340,80,charcoal,,North,-32.46,-69.3,AguadelaTinajaI,Argentina,Mendoza,closed,Barcena et al. 1985,
BETA-84829,5080,70,charcoal,,North,-32.62,-69.15,AguadelaCueva,Argentina,Mendoza,closed,Garcia 2005,
BETA-69934,640,50,charcoal,,North,-32.6,-69.46,TambodeRanchillo,Argentina,Mendoza,open,Barcena 1998,
BETA-69933,430,50,charcoal,,North,-32.6,-69.46,TambodeRanchillo,Argentina,Mendoza,open,Barcena 1998,
BETA-6589,1360,70,charcoal,,North,-32.46,-69.3,AguadelaTinajaI,Argentina,Mendoza,closed,Barcena et al. 1985,
BETA-64539,9210,70,charcoal,,North,-32.62,-69.15,AguadelaCueva,Argentina,Mendoza,closed,Garcia et al. 1999,
BETA-63175,5460,130,charcoal,,North,-32.93,-69.32,ElPiedron,Argentina,Mendoza,closed,Cortegoso 2005,
BETA-63174,4560,120,charcoal,,North,-32.93,-69.32,ElPiedron,Argentina,Mendoza,closed,Cortegoso 2005,
BETA-62946,890,80,charcoal,,North,-32.6,-69.46,TambodeRanchillo,Argentina,Mendoza,open,Barcena 1998,
BETA-61410,9760,160,charcoal,,North,-32.62,-69.15,AguadelaCueva,Argentina,Mendoza,closed,Garcia et al. 1999,
BETA-61409,10950,90,charcoal,,North,-32.62,-69.15,AguadelaCueva,Argentina,Mendoza,closed,Garcia et al. 1999,
BETA-61408,10240,60,charcoal,,North,-32.62,-69.15,AguadelaCueva,Argentina,Mendoza,closed,Garcia et al. 1999,
BETA-60658,2150,160,charcoal,,North,-32.88,-68.88,PlazadeMendoza,Argentina,Mendoza,open,Barcena 1998,
BETA-60657,1280,200,charcoal,,North,-32.88,-68.88,PlazadeMendoza,Argentina,Mendoza,open,Barcena 1998,
BETA-44924,1220,80,charcoal,,North,-32.96,-69.2,RioBlanco,Argentina,Mendoza,open,Cortegoso 2004,
BETA-44696,9250,70,charcoal,,North,-32.62,-69.15,AguadelaCueva,Argentina,Mendoza,closed,Garcia et al. 1999,
BETA-44530,1090,60,charcoal,,North,-32.62,-69.15,AguadelaCueva,Argentina,Mendoza,closed,Garcia et al. 1999,
BETA-4195,270,50,macrobotanical,Z_maiz,North,-32.42,-69.19,JaguelIII,Argentina,Mendoza,closed,Barcena 1998,
Beta-316109,580,30,macrobotanical,Z_maiz,North,-33.49,-69.14,PuestoLaIsla,Argentina,Mendoza,open,Ots et al. 2016,
BETA-26781,9840,90,charcoal,,North,-32.62,-69.15,AguadelaCueva,Argentina,Mendoza,closed,Garcia et al. 1999,
BETA-26283,410,70,charcoal,,North,-32.38,-69.39,TambodeTambillos,Argentina,Mendoza,open,Barcena 1998,
BETA-26250,10350,220,charcoal,,North,-32.62,-69.15,AguadelaCueva,Argentina,Mendoza,closed,Garcia et al. 1999,
BETA-26249,1650,50,charcoal,,North,-32.62,-69.15,AguadelaCueva,Argentina,Mendoza,closed,Garcia and Sachero 1989,
BETA-26248/1,1450,40,charcoal,,North,-32.62,-69.15,AguadelaCueva,Argentina,Mendoza,closed,Duran and Garcia 1989,
Beta-261727,450,50,charcoal,,North,-33.47,-69.19,AguaAmarga,Argentina,Mendoza,open,Ots et al. 2011,
BETA-25221,770,50,wood,,North,-32.38,-69.39,TambodeTambillos,Argentina,Mendoza,open,Barcena 1998,
BETA-21719,550,60,charcoal,,North,-32.59,-69.44,PasodelosParamillosI,Argentina,Mendoza,closed,Barcena 1998,
Beta-162401,830,50,n/a,,North,-33.68,-69.36,AleroErnesto,Argentina,Mendoza,closed,Barcena 2003,
Beta-162400,460,60,n/a,,North,-33.68,-69.36,AleroErnesto,Argentina,Mendoza,closed,Barcena 2003,
BETA-156229,1360,40,charcoal,,North,-32.97,-69.17,SanIgnacio,Argentina,Mendoza,open,Garcia 2002,
BETA-119340,1200,40,charcoal,,North,-32.87,-68.83,SantoDomingo,Argentina,Mendoza,open,Barcena 2001,
BETA 29886,8800,70,charcoal,,North,-32.62,-69.15,AguadelaCueva,Argentina,Mendoza,closed,Garcia et al. 1999,
BETA 27893,6080,90,charcoal,,North,-32.59,-69.44,PasodelosParamillosI,Argentina,Mendoza,closed,Barcena 1998,
AC-1645,490,45,charcoal,,North,-32.87,-68.82,RuinasdeSanFrancisco,Argentina,Mendoza,open,Chiavazza 2005,
AC-1610,470,70,charcoal,,North,-32.88,-68.88,AlberdieItuzaingo,Argentina,Mendoza,open,Chiavazza and Mafferra 2007,
AC-1608,1770,120,charcoal,,North,-32.87,-68.82,RuinasdeSanFrancisco,Argentina,Mendoza,open,Chiavazza 2005,
AC-1563,470,90,charcoal,,North,-32.62,-69.15,AguadelaCueva,Argentina,Mendoza,closed,Duran et al. 2014,
AC-1562,1700,150,charcoal,,North,-32.62,-69.15,AguadelaCueva,Argentina,Mendoza,closed,Duran et al. 2013,
AC-1050,580,97,bone_collagen,Homo_sapiensa,North,-32.59,-69.35,UspallataUsinaSur,Argentina,Mendoza,open,Barcena 1998,
AC-0732,930,80,charcoal,,North,-32.46,-69.3,AguadelaTinajaI,Argentina,Mendoza,closed,Barcena 1998,
AC-0699,830,80,wood,,North,-32.35,-69.47,Alero1Tambillos,Argentina,Mendoza,closed,Barcena 1998,
AC-0441,1770,100,charcoal,,North,-32.35,-69.47,Alero1Tambillos,Argentina,Mendoza,closed,Barcena 1998,
AC-0440,1070,160,charcoal,,North,-32.35,-69.47,Alero1Tambillos,Argentina,Mendoza,closed,Barcena 1998,
AC-0439,1110,110,charcoal,,North,-32.35,-69.47,Alero1Tambillos,Argentina,Mendoza,closed,Barcena 1998,
AC-0438,1300,95,charcoal,,North,-32.35,-69.47,Alero1Tambillos,Argentina,Mendoza,closed,Barcena 1998,
AC-0414,2360,100,charcoal,,North,-32.42,-69.19,JaguelIII,Argentina,Mendoza,closed,Barcena 1998,
AC-0413,2300,100,charcoal,,North,-32.42,-69.19,JaguelIII,Argentina,Mendoza,closed,Barcena 1998,
AC-0412,4200,180,charcoal,,North,-32.42,-69.19,JaguelIII,Argentina,Mendoza,closed,Barcena 1998,
AC-0327,960,80,charcoal,,North,-33.11,-68.88,AgreloPatronato,Argentina,Mendoza,open,Barcena 1998,
AA-98708,583,43,bone_collagen,Homo_sapiensa,North,-32.61,-69.34,BarrioRamosI,Argentina,Mendoza,open,Gil et al. 2014,
AA-98707,2251,49,bone_collagen,Homo_sapiensa,North,-33.09,-68.07,BarrancasB6,Argentina,Mendoza,open,Gil et al. 2014,
AA-98705,1597,38,bone_collagen,Homo_sapiensa,North,-33.1,-68.73,Barrancasyac.1,Argentina,Mendoza,open,Gil et al. 2014,
AA-94014,1128,49,macrobotanical,Cucurbitacea,North,-32.93,-69.11,LosConitosAlero2,Argentina,Mendoza,closed,Llano et al. 2017,
AA-94013,1247,34,macrobotanical,Cucurbitacea,North,-32.93,-69.11,LosConitosAlero2,Argentina,Mendoza,closed,Llano et al. 2017,
AA-90288,2038,47,bone_collagen,Homo_sapiensa,North,-32.52,-69.01,VaqueriaGruta1,Argentina,Mendoza,closed,Gil et al. 2014,
AA-90284,529,42,bone_collagen,Homo_sapiensa,North,-32.86,-68.82,Odisa,Argentina,Mendoza,open,Gil et al. 2014,
AA-90282,2181,47,bone_collagen,Homo_sapiensa,North,-32.96,-69.16,PotrerillosElBombero,Argentina,Mendoza,open,Gil et al. 2014,
AA-90280,2068,46,bone_collagen,Homo_sapiensa,North,-32.87,-68.84,ZanjondelosCiruelos,Argentina,Mendoza,open,Rusconi 1962, Gil et al. 2014
AA-90279,1536,45,bone_collagen,Homo_sapiensa,North,-32.87,-68.84,ZanjondelosCiruelos,Argentina,Mendoza,open,Rusconi 1962, Gil et al. 2014
AA-66568,977,35,bone_collagen,Homo_sapiensa,North,-32.59,-69.35,UspallataTumuloI,Argentina,Mendoza,open,Gil et al. 2009,
AA-66566,671,40,bone_collagen,Homo_sapiensa,North,-32.59,-69.35,UspallataTumuloIII,Argentina,Mendoza,open,Gil et al. 2009,
AA-66565,1178,41,bone_collagen,Homo_sapiensa,North,-32.59,-69.35,UspallataTumuloII,Argentina,Mendoza,open,Gil et al. 2009,
AA-66564,568,38,bone_collagen,Homo_sapiensa,North,-32.59,-69.35,PotreroLasColonias,Argentina,Mendoza,open,Gil et al. 2009,
AA-66563,1736,49,bone_collagen,Homo_sapiensa,North,-33.43,-68.91,AltoVerde,Argentina,Mendoza,open,Gil et al. 2009,
AA-66561,1269,35,bone_collagen,Homo_sapiensa,North,-32.59,-69.35,UspallataTumuloII,Argentina,Mendoza,open,Gil et al. 2009,
AA-66560,2084,40,bone_collagen,Homo_sapiensa,North,-33.1,-68.74,Barrancayac2,Argentina,Mendoza,open,Gil et al. 2009,
AA-66558,1922,52,bone_collagen,Homo_sapiensa,North,-32.58,-69.3,Uspallata,Argentina,Mendoza,open,Gil et al. 2009,
AA-58290,782,35,charcoal,,North,-34.2,-69.7,LagunaElDiamante,Argentina,Mendoza,open,Gil et al. 2022,
AA-103146,1561,44,bone_collagen,Homo_sapiensa,North,-34.2,-69.7,LagunaElDiamante,Argentina,Mendoza,open,Gil et al. 2022,
AA-103146,1561,44,bone_collagen,Homo_sapiensa,North,-34.2,-69.7,LagunaElDiamante,Argentina,Mendoza,open,Gil et al. 2022,
AA-101144,1902,40,bone_collagen,Homo_sapiensa,North,-32.59,-69.34,BarrioPanella,Argentina,Mendoza,open,Gil et al. 2014,
AA-101143,1862,35,bone_collagen,Homo_sapiensa,North,-32.59,-69.35,FincaAli,Argentina,Mendoza,open,Gil et al. 2014,
,1842,23,bone_collagen,Homo_sapiensa,North,-33.28,-69.16,Atamisque,Argentina,Mendoza,open,Peralta_etal_2022,
na,1470,70,charcoal,,North,-33.43,-68.86,PuestoEguino,Argentina,Mendoza,open,Barcena 2001,
UZ-1893,3695,65,charcoal,,South,-35.89,-69.81,CavernadelasBrujas,Argentina,Mendoza,closed,Gil et al. 2022,
LP-973,1000,20,charcoal,,South,-35.39,-68.19,AguadelaMula,Argentina,Mendoza,closed,Gil et al. 2022,
LP-962,250,60,charcoal,,South,-35.37,-68.3,AguadelosCaballos,Argentina,Mendoza,closed,Gil et al. 2022,
LP-953,2010,70,charcoal,,South,-35.2,-68.29,GrutaPonontrehue,Argentina,Mendoza,closed,Gil et al. 2022,
LP-928,650,50,charcoal,,South,-35.4,-68.31,PuestoOrtubia,Argentina,Mendoza,open,Gil et al. 2022,
LP-794,1240,70,charcoal,,South,-35.37,-68.3,AguadelosCaballos,Argentina,Mendoza,closed,Gil et al. 2022,
LP-620,1260,60,charcoal,,South,-35.39,-68.19,AguadelaMula,Argentina,Mendoza,closed,Gil et al. 2022,
LP-579,870,70,charcoal,,South,-35.2,-68.42,LosLeones5,Argentina,Mendoza,closed,Gil et al. 2022,
LP-563,1610,60,charcoal,,South,-35.39,-68.19,AguadelaMula,Argentina,Mendoza,closed,Gil et al. 2022,
LP-472,3190,80,charcoal,,South,-35.2,-70.07,CuevaAColorado,Argentina,Mendoza,closed,Gil et al. 2022,
LP472,3190,80,Charred material,,South,-35.2,-70.07,CuevaAColorado,Argentina,Mendoza,closed,Gil et al. 2022,
LP-457,1380,70,charcoal,,South,-35.2,-70.07,CuevaAColorado,Argentina,Mendoza,closed,Gil et al. 2022,
LP-447,770,80,charcoal,,South,-35.2,-70.07,CuevaAColorado,Argentina,Mendoza,closed,Gil et al. 2022,
LP-424,470,90,charcoal,,South,-36.1,-69.69,AleroPuestoCarrasco,Argentina,Mendoza,closed,Gil et al. 2022,
LP-410,2260,120,charcoal,,South,-36.09,-69.74,CanadadeCachi01,Argentina,Mendoza,closed,Gil et al. 2022,
LP-405,3200,120,charcoal,,South,-36.09,-69.74,CanadadeCachi01,Argentina,Mendoza,closed,Gil et al. 2022,
LP-341,3830,160,charcoal,,South,-36.07,-69.72,CuevadeLuna,Argentina,Mendoza,closed,Gil et al. 2022,
LP-321,1490,60,charcoal,,South,-36.07,-69.72,CuevadeLuna,Argentina,Mendoza,closed,Gil et al. 2022,
LP-1663,2100,70,charcoal,,South,-36.09,-69.72,GrutadelManzano,Argentina,Mendoza,closed,Gil et al. 2022,
LP-166,1300,50,charcoal,,South,-36.09,-69.72,GrutadelManzano,Argentina,Mendoza,closed,Gil et al. 2022,
LP-1513,640,70,charcoal,,South,-36.51,-68.53,La Peligrosa1,Argentina,Mendoza,open,Gil et al. 2022,
LP-1474,400,70,charcoal,,South,-36.51,-68.53,La Peligrosa1,Argentina,Mendoza,open,Gil et al. 2022,
LP-1368,210,60,bone_collagen,Homo_sapiensa,South,-36.77,-68.83,AguadelToro,Argentina,Mendoza,open,Gil et al. 2022,
LP-1145,410,80,charcoal,,South,-35.4,-68.31,PuestoOrtubia,Argentina,Mendoza,open,Gil et al. 2022,
LP-1103,600,80,charcoal,,South,-35.4,-68.31,PuestoOrtubia,Argentina,Mendoza,open,Gil et al. 2022,
LP-1037,640,60,charcoal,,South,-35.37,-68.3,AguadelosCaballos,Argentina,Mendoza,closed,Gil et al. 2022,
LP-1012,1930,50,charcoal,,South,-36.52,-68.45,LaCorredera,Argentina,Mendoza,closed,Gil et al. 2022,
I-16638,2090,80,charcoal,,South,-36.1,-69.69,AleroPuestoCarrasco,Argentina,Mendoza,closed,Gil et al. 2022,
GaK-7532,7070,170,charcoal,,South,-36.09,-69.72,GrutadelManzano,Argentina,Mendoza,closed,Gil et al. 2022,
GaK-7531,7190,130,charcoal,,South,-36.09,-69.72,GrutadelManzano,Argentina,Mendoza,closed,Gil et al. 2022,
GaK-7530,7110,180,charcoal,,South,-36.09,-69.72,GrutadelManzano,Argentina,Mendoza,closed,Gil et al. 2022,
GaK-7529,7330,150,charcoal,,South,-36.09,-69.72,GrutadelManzano,Argentina,Mendoza,closed,Gil et al. 2022,
D-AMS-033196,1925,30,charcoal,,South,-36,-69,Cueva Yagui,Argentina,Neuquen,closed,Romero Villanueva et al. 2022,
D-AMS-030193,5461,49,charcoal,,South,-36,-69,Cueva Yagui,Argentina,Neuquen,closed,Romero Villanueva et al. 2022,
D-AMS-018775,6703,28,charcoal,,South,-36,-69,Cueva Yagui,Argentina,Neuquen,closed,Romero Villanueva et al. 2022,
D-AMS-018773,7779,30,charcoal,,South,-36,-69,Cueva Yagui,Argentina,Neuquen,closed,Romero Villanueva et al. 2022,
D-AMS-018772,1133,54,bone_collagen,,South,-36,-69,Cueva Yagui,Argentina,Neuquen,closed,Romero Villanueva et al. 2022,
AC-1604,2725,160,charcoal,,South,-35.89,-69.81,CavernadelasBrujas,Argentina,Mendoza,closed,Gil et al. 2022,
AC-1601,2900,170,charcoal,,South,-35.89,-69.81,CavernadelasBrujas,Argentina,Mendoza,closed,Gil et al. 2022,
AA-98695,611,34,charcoal,,South,-36.82,-69.48,AguadePerez8B,Argentina,Mendoza,open,Gil et al. 2022,
AA-98694,365,42,bone_collagen,Homo_sapiensa,South,-36.82,-69.48,AguadePerez8B,Argentina,Mendoza,open,Gil et al. 2022,
AA-98693,879,25,charcoal,,South,-37.15,-69.2,MedanoR6,Argentina,Mendoza,open,Gil et al. 2022,
AA-98692,754,34,charcoal,,South,-37.15,-69.2,MedanoR6,Argentina,Mendoza,open,Gil et al. 2022,
AA-98691,607,34,charcoal,,South,-37.15,-69.2,MedanoR6,Argentina,Mendoza,open,Gil et al. 2022,
AA-98690,3992,30,charcoal,,South,-37.15,-69.2,MedanoR6,Argentina,Mendoza,open,Gil et al. 2022,
AA-98689,5561,42,charcoal,,South,-37.07,-69.35,Carmonina1,Argentina,Mendoza,open,Gil et al. 2022,
AA-98688,5776,90,charcoal,,South,-36.83,-69.48,AguadePerez14,Argentina,Mendoza,open,Gil et al. 2022,
AA-98687,7340,120,charcoal,,South,-36.83,-69.48,AguadePerez14,Argentina,Mendoza,open,Gil et al. 2022,
AA-98686,5661,42,charcoal,,South,-37.07,-69.35,Carmonina1,Argentina,Mendoza,open,Gil et al. 2022,
AA-98685,3980,28,charcoal,,South,-37.07,-69.35,Carmonina1,Argentina,Mendoza,open,Gil et al. 2022,
AA-98684,3589,28,charcoal,,South,-37.07,-69.35,Carmonina1,Argentina,Mendoza,open,Gil et al. 2022,
AA-95509,2662,49,bone_collagen,Homo_sapiensa,South,-35.61,-69.2,CerroTrapal,Argentina,Mendoza,closed,Gil et al. 2022,
AA-95509,2662,49,bone_collagen,Homo_sapiensa,South,-35.61,-69.2,CerroTrapal,Argentina,Mendoza,closed,Gil et al. 2022,
AA-94017,307,41,bone_collagen,Homo_sapiensa,South,-35.54,-69.62,BajadadelasTropas,Argentina,Mendoza,open,Gil et al. 2022,
AA-94016,3199,38,charcoal,,South,-35.73,-69.2,Llancanelo50,Argentina,Mendoza,open,Gil et al. 2022,
AA-94015,553,34,charcoal,,South,-35.73,-69.2,Llancanelo50,Argentina,Mendoza,open,Gil et al. 2022,
AA-93801,2870,49,bone_collagen,Homo_sapiensa,South,-35.28,-69.52,PuestoElAlto,Argentina,Mendoza,open,Gil et al. 2022,
AA-90970,341,37,bone_collagen,Homo_sapiensa,South,-35.37,-69.67,CerroMesa,Argentina,Mendoza,open,Gil et al. 2022,
AA-90965,189,37,bone_collagen,Homo_sapiensa,South,-36.05,-69.43,ElManzanoMgue,Argentina,Mendoza,open,Gil et al. 2022,
AA-90285,454,42,bone_collagen,Homo_sapiensa,South,-35.98,-67.17,Cochi-C,Argentina,Mendoza,open,Gil et al. 2022,
AA-90283,523,42,bone_collagen,Homo_sapiensa,South,-35.54,-69.62,BajadadelasTropas,Argentina,Mendoza,open,Gil et al. 2022,
AA-90227,392,42,bone_collagen,Homo_sapiensa,South,-35.75,-69.56,ManquiMalal,Argentina,Mendoza,open,Gil et al. 2022,
AA-85717,679,34,charcoal,,South,-35.44,-69.15,Llancanelo17,Argentina,Mendoza,open,Gil et al. 2022,
AA-85716,798,36,charcoal,,South,-35.42,-69.11,Llancanelo22,Argentina,Mendoza,open,Gil et al. 2022,
AA-85715,3039,28,charcoal,,South,-35.73,-69.19,Llancanelo29,Argentina,Mendoza,open,Gil et al. 2022,
AA-85709,1504,37,Peat,,South,-36.84,-69.48,AguadePerez1,Argentina,Mendoza,open,Gil et al. 2022,
AA-85708,1010,32,charcoal,,South,-36.84,-69.48,AguadePerez1,Argentina,Mendoza,open,Gil et al. 2022,
AA-85707,685,31,bone_collagen,Homo_sapiensa,South,-36.84,-69.48,AguadePerez1,Argentina,Mendoza,open,Gil et al. 2022,
AA-85706,685,31,bone_collagen,Homo_sapiensa,South,-36.84,-69.48,AguadePerez1,Argentina,Mendoza,open,Gil et al. 2022,
AA85692,5246,44,Charred material,,South,-35.2,-70.05,ElDesecho,Argentina,Mendoza,open,Gil et al. 2022,
AA85691,4326,42,charcoal,,South,-35.2,-70.05,ElDesecho,Argentina,Mendoza,open,Gil et al. 2022,
AA85691,4326,42,Charred material,,South,-35.2,-70.05,ElDesecho,Argentina,Mendoza,open,Gil et al. 2022,
AA85690,5313,44,Charred material,,South,-35.2,-70.05,ElDesecho,Argentina,Mendoza,open,Gil et al. 2022,
AA-73232,399,31,charcoal,,South,-35.17,-69.98,PuestoJaque2,Argentina,Mendoza,open,Gil et al. 2022,
AA-73228,3362,35,charcoal,,South,-36.29,-68.44,Mercedes2,Argentina,Mendoza,closed,Gil et al. 2022,
AA73227,1040,33,charcoal,,South,-36.28,-68.45,Mercedes1,Argentina,Mendoza,open,Gil et al. 2022,
AA73226,5196,38,Charred material,,South,-35.2,-70.05,ElDesecho,Argentina,Mendoza,open,Gil et al. 2022,
AA73214,990,34,charcoal,,South,-35.44,-69.15,Llancanelo17,Argentina,Mendoza,open,Gil et al. 2022,
AA73204,1629,33,wood,,South,-36.09,-69.72,GrutadelManzano,Argentina,Mendoza,closed,Gil et al. 2022,
AA-73203,7940,45,charcoal,,South,-36.09,-69.72,GrutadelManzano,Argentina,Mendoza,closed,Gil et al. 2022,
AA-73202,7835,44,charcoal,,South,-36.09,-69.72,GrutadelManzano,Argentina,Mendoza,closed,Gil et al. 2022,
AA-73201,8141,44,charcoal,,South,-36.09,-69.72,GrutadelManzano,Argentina,Mendoza,closed,Gil et al. 2022,
AA-73199,1423,42,bone_collagen,Homo_sapiensa,South,-36.19,-68.27,LaCabeza,Argentina,Mendoza,open,Gil et al. 2022,
AA-73198,3476,54,bone_collagen,Homo_sapiensa,South,-35.28,-69.52,PuestoElAlto,Argentina,Mendoza,open,Gil et al. 2022,
AA-66582,1299,39,charcoal,,South,-35.5,-68.54,Cupertino,Argentina,Mendoza,open,Gil et al. 2022,
AA-66576,1398,39,charcoal,,South,-37.07,-69.35,Carmonina1,Argentina,Mendoza,open,Gil et al. 2022,
AA-66576,1398,39,charcoal,,South,-37.07,-69.35,Carmonina1,Argentina,Mendoza,open,Gil et al. 2022,
AA-66575,357,35,charcoal,,South,-35.17,-69.98,PuestoJaque2,Argentina,Mendoza,open,Gil et al. 2022,
AA-66574,646,42,charcoal,,South,-35.17,-69.98,PuestoJaque2,Argentina,Mendoza,open,Gil et al. 2022,
AA-66573,395,37,charcoal,,South,-35.17,-69.98,PuestoJaque2,Argentina,Mendoza,open,Gil et al. 2022,
AA-66572,2626,61,bone_collagen,Homo_sapiensa,South,-35.61,-69.2,CerroTrapal,Argentina,Mendoza,closed,Gil et al. 2022,
AA-66571,557,38,charcoal,,South,-35.19,-70.03,GendarmeriaNacional5,Argentina,Mendoza,open,Gil et al. 2022,
AA-66570,871,38,charcoal,,South,-35.19,-70.03,GendarmeriaNacional5,Argentina,Mendoza,open,Gil et al. 2022,
AA-62941,358,45,bone_collagen,Homo_sapiensa,South,-35.52,-69.74,ANegrodePincheira,Argentina,Mendoza,open,Gil et al. 2022,
AA-62940,896,47,bone_collagen,Homo_sapiensa,South,-35.6,-69.1,Llancanelo,Argentina,Mendoza,open,Gil et al. 2022,
AA-62939,174,48,bone_collagen,Homo_sapiensa,South,-35.75,-69.77,CasadePiedraElChequenco,Argentina,Mendoza,closed,Gil et al. 2022,
AA-62936,282,45,bone_collagen,Homo_sapiensa,South,-36.27,-69.86,ElAlambrado,Argentina,Mendoza,open,Gil et al. 2022,
AA-62935,863,47,bone_collagen,Homo_sapiensa,South,-35.6,-69.1,LosMenucos,Argentina,Mendoza,open,Gil et al. 2022,
AA-62934,1008,47,bone_collagen,Homo_sapiensa,South,-35.6,-69.1,Llancanelo,Argentina,Mendoza,open,Gil et al. 2022,
AA-62933,2530,36,bone_collagen,Homo_sapiensa,South,-35.71,-69.8,ButaMallin,Argentina,Mendoza,open,Gil et al. 2022,
AA-62932,1821,35,bone_collagen,Homo_sapiensa,South,-36.27,-69.86,ElAlambrado,Argentina,Mendoza,open,Gil et al. 2022,
AA-62931,148,31,bone_collagen,Homo_sapiensa,South,-36.22,-69.86,AMechenquil,Argentina,Mendoza,open,Gil et al. 2022,
AA-62930,3222,46,bone_collagen,Homo_sapiensa,South,-36.48,-69.24,JagueldelMedio,Argentina,Mendoza,open,Gil et al. 2022,
AA-62929,443,36,bone_collagen,Homo_sapiensa,South,-36.42,-69.22,ElPayen,Argentina,Mendoza,closed,Gil et al. 2022,
AA-62928,797,30,bone_collagen,Homo_sapiensa,South,-35.73,-69.2,PozosdeCarapacho,Argentina,Mendoza,open,Gil et al. 2022,
AA-62927,855,80,bone_collagen,Homo_sapiensa,South,-35.6,-69.1,Llancanelo,Argentina,Mendoza,open,Gil et al. 2022,
AA-62926,900,36,bone_collagen,Homo_sapiensa,South,-35.6,-69.1,Llancanelo,Argentina,Mendoza,open,Gil et al. 2022,
AA-62925,862,33,bone_collagen,Homo_sapiensa,South,-35.6,-69.1,Llancanelo,Argentina,Mendoza,open,Gil et al. 2022,
AA-62924,881,33,bone_collagen,Homo_sapiensa,South,-35.6,-69.54,EaLasChacras,Argentina,Mendoza,open,Gil et al. 2022,
AA-62923,1472,34,bone_collagen,Homo_sapiensa,South,-35.38,-69.65,ElChacayPtoAdobe,Argentina,Mendoza,open,Gil et al. 2022,
AA-62922,573,33,bone_collagen,Homo_sapiensa,South,-35.75,-69.2,CanadadelasVizcachas,Argentina,Mendoza,closed,Gil et al. 2022,
AA-62921,274,48,bone_collagen,Homo_sapiensa,South,-35.95,-68.51,CienagadeBorbaran,Argentina,Mendoza,open,Gil et al. 2022,
AA-62920,688,36,bone_collagen,Homo_sapiensa,South,-35.45,-69.1,NortedeLlancanelo,Argentina,Mendoza,open,Gil et al. 2022,
AA-62919,850,33,bone_collagen,Homo_sapiensa,South,-35.6,-69.1,Llancanelo,Argentina,Mendoza,open,Gil et al. 2022,
AA-59591,2321,66,bone_collagen,Homo_sapiensa,South,-35.36,-69.63,ElChacay,Argentina,Mendoza,open,Gil et al. 2022,
AA-58283,3847,45,bone_collagen,Homo_sapiensa,South,-35.89,-69.81,CavernadelasBrujas,Argentina,Mendoza,closed,Gil et al. 2022,
AA-54672,2576,61,charcoal,,South,-35.19,-70.05,CuevadelaIndiaEmbarazada,Argentina,Mendoza,closed,Gil et al. 2022,
AA-26197,910,40,macrobotanical,Z_maiz,South,-35.4,-68.31,PuestoOrtubia,Argentina,Mendoza,open,Gil et al. 2022,
AA-26196,365,40,macrobotanical,Z_maiz,South,-35.37,-68.3,AguadelosCaballos,Argentina,Mendoza,closed,Gil et al. 2022,
AA-26195,645,40,skinn_bag,,South,-35.39,-68.37,CuevaZanjondelBuitre,Argentina,Mendoza,closed,Gil et al. 2022,
AA-26194,740,40,macrobotanical,Z_maiz,South,-35.37,-68.3,AguadelosCaballos,Argentina,Mendoza,closed,Gil et al. 2022,
AA-111425,626,19,charcoal,,South,-37.288,-68.352,El Corcovo,Argentina,Mendoza,open,Gil et al. 2022,
AA-111424,1878,23,charcoal,,South,-37.288,-68.352,El Corcovo,Argentina,Mendoza,open,Gil et al. 2022,
AA 73225,6283,42,Charred material,,South,-35.2,-70.05,ElDesecho,Argentina,Mendoza,open,Gil et al. 2022,
AA 73224,5656,40,Charred material,,South,-35.2,-70.05,ElDesecho,Argentina,Mendoza,open,Gil et al. 2022,
AA 73223,5694,40,Charred material,,South,-35.2,-70.05,ElDesecho,Argentina,Mendoza,open,Gil et al. 2022,
AA 73222,5400,40,Charred material,,South,-35.2,-70.05,ElDesecho,Argentina,Mendoza,open,Gil et al. 2022,
AA 73221,5687,40,Charred material,,South,-35.2,-70.05,ElDesecho,Argentina,Mendoza,open,Gil et al. 2022,
AA 73220,5204,40,Charred material,,South,-35.2,-70.05,ElDesecho,Argentina,Mendoza,open,Gil et al. 2022,
AA 73219,5301,47,Charred material,,South,-35.2,-70.05,ElDesecho,Argentina,Mendoza,open,Gil et al. 2022,
AA 73218,5360,39,Charred material,,South,-35.2,-70.05,ElDesecho,Argentina,Mendoza,open,Gil et al. 2022,
AA 73217,5575,40,Charred material,,South,-35.2,-70.05,ElDesecho,Argentina,Mendoza,open,Gil et al. 2022,
AA 73216,5518,44,Charred material,,South,-35.2,-70.05,ElDesecho,Argentina,Mendoza,open,Gil et al. 2022,
AA 54671,5502,60,bone_collagen,Homo_sapiensa,South,-35.2,-70.05,ElDesecho,Argentina,Mendoza,open,Gil et al. 2022,
LP-1418,3650,70,bone_collagen,,South,-37.09,-70.38,Aquihueco,Argentina,Neuquen,open,Gordon_etal_2019,
AA-78841,3817,59,bone_collagen,,South,-37.09,-70.38,Aquihueco,Argentina,Neuquen,open,Gordon_etal_2019,
AA-101835,4045,66,bone_collagen,,South,-37.09,-70.38,Aquihueco,Argentina,Neuquen,open,Gordon_etal_2019,
AA-78840,4050,61,bone_collagen,,South,-37.09,-70.38,Aquihueco,Argentina,Neuquen,open,Gordon_etal_2019,
AA-101837,4165,64,bone_collagen,,South,-37.09,-70.38,Aquihueco,Argentina,Neuquen,open,Gordon_etal_2019,
AA-78839,4172,55,bone_collagen,,South,-37.09,-70.38,Aquihueco,Argentina,Neuquen,open,Gordon_etal_2019,
SUERC-777000,4199,35,bone_collagen,,South,-37.09,-70.38,Aquihueco,Argentina,Neuquen,open,Gordon_etal_2019,
AA-101834,4280,59,bone_collagen, ,South,-37.09,-70.38,Aquihueco,Argentina,Neuquen,open,Gordon_etal_2019,
AA-101836,4304,59,bone_collagen,,South,-37.09,-70.38,Aquihueco,Argentina,Neuquen,open,Gordon_etal_2019,
XA0892A,8153,50,charcoal,,South,-37.09,-70.38,Aquihueco,Argentina,Neuquen,open,Gordon_etal_2019,
SUERC-77693,2449,34,bone_collagen,Homo_sapiensa,South,-36.48,-70.22,Cochico Marquez,Argentina,Neuquen,open,Gordon_etal_2019,
AA-102573,541,42,macrobotanical,Lagenaria sp.,South,-36.96,-69.82,Cueva Huenul,Argentina,Neuquen,Cueva,Gordon_etal_2019,
AA-99109,1269,46,bone_collagen,Lama_guanicoe,South,-36.96,-69.82,Cueva Huenul,Argentina,Neuquen,Cueva,Gordon_etal_2019,
AA-85721,1416,37,macrobotanical,grass_bed,South,-36.96,-69.82,Cueva Huenul,Argentina,Neuquen,Cueva,Gordon_etal_2019,
AA-99103,1590,46,bone_collagen,Lama_guanicoe,South,-36.96,-69.82,Cueva Huenul,Argentina,Neuquen,Cueva,Gordon_etal_2019,
AA-99110,1753,47,bone_collagen,Lama_guanicoe,South,-36.96,-69.82,Cueva Huenul,Argentina,Neuquen,Cueva,Gordon_etal_2019,
AA-102575,4786,46,macrobotanical,Senna_aphylla,South,-36.96,-69.82,Cueva Huenul,Argentina,Neuquen,Cueva,Gordon_etal_2019,
AA-99107,9261,66,macrobotanical,R_patagonica,South,-36.96,-69.82,Cueva Huenul,Argentina,Neuquen,Cueva,Gordon_etal_2019,
AA-99105,9295,90,bone_collagen,Lama_guanicoe,South,-36.96,-69.82,Cueva Huenul,Argentina,Neuquen,Cueva,Gordon_etal_2019,
AA-99104,9375,91,bone_collagen,Lama_guanicoe,South,-36.96,-69.82,Cueva Huenul,Argentina,Neuquen,Cueva,Gordon_etal_2019,
AA-102574,9402,60,macrobotanical,Prosopis_sp,South,-36.96,-69.82,Cueva Huenul,Argentina,Neuquen,Cueva,Gordon_etal_2019,
AA-85718,9531,39,charcoal,,South,-36.96,-69.82,Cueva Huenul,Argentina,Neuquen,Cueva,Gordon_etal_2019,
AA-99106,10155,98,bone_collagen,Lama_guanicoe,South,-36.96,-69.82,Cueva Huenul,Argentina,Neuquen,Cueva,Gordon_etal_2019,
na,1878,43,bone_collagen,Homo_sapiensa,South,-37.18,-70.67,Gubevi,Argentina,Neuquen,open,Gordon_etal_2019,
LP-1440,3780,50,bone_collagen,Homo_sapiensa,South,-37.26,-70.46,Hermanos Lazcano,Argentina,Neuquen,open,Gordon_etal_2019,
SUERC-77697,4016,33,bone_collagen,Homo_sapiensa,South,-37.26,-70.46,Hermanos Lazcano,Argentina,Neuquen,open,Gordon_etal_2019,
AC-0005,350,70,shell,,South,-37.18,-70.68,Truquico,Argentina,Neuquen,closed,Gordon_etal_2019,
AC-0004,585,75,macrobotanical,,South,-37.18,-70.68,Truquico,Argentina,Neuquen,Cueva,Gordon_etal_2019,
AC-0002,630,80,macrobotanical,,South,-37.18,-70.68,Truquico,Argentina,Neuquen,Cueva,Gordon_etal_2019,
